<?xml version="1.0" encoding="UTF-8" standalone="yes"?>
<addon id="service.tv.schedule" version="1.0.1" name="TV Schedule Generator" provider-name="YourName">
  <requires>
    <import addon="xbmc.python" version="3.0.0"/>
  </requires>
  <extension point="xbmc.service" library="default.py" start="startup"/>
  <extension point="xbmc.addon.metadata">
    <summary>Generates M3U and XMLTV schedule files based on your Kodi library</summary>
    <description>Creates a TV guide schedule from your Kodi TV show library. Organizes shows by series (rows) and genres (columns). Only includes unwatched episodes with user rating > 7. Supports multiple channel views: All Channels and individual genre channels. Handles variable episode durations (30/45/60 minutes).</description>
    <platform>all</platform>
    <license>GPL-3.0-only</license>
    <language>en</language>
  </extension>
</addon>